"Period",Total,Seoul,Busan,Daegu,Incheon,Gwangju,Daejeon,Ulsan,Sejong-si,Gyeonggi,Gyeonggi,Gyeonggi,Gyeonggi,Gyeonggi,Gyeonggi,Gyeonggi,Gyeonggi,Gyeonggi,Gyeonggi,Gyeonggi,Gyeonggi,Gyeonggi,Gyeonggi,Gyeonggi,Gyeonggi,Gyeonggi,Gyeonggi,Gyeonggi,Gyeonggi,Gyeonggi,Gyeonggi,Gyeonggi,Gyeonggi,Gyeonggi,Gyeonggi,Gyeonggi,Gyeonggi,Gyeonggi,Gyeonggi,Gyeonggi,Gyeonggi,Gangwon,Gangwon,Gangwon,Gangwon,Gangwon,Gangwon,Gangwon,Gangwon,Gangwon,Gangwon,Gangwon,Gangwon,Gangwon,Gangwon,Gangwon,Gangwon,Gangwon,Gangwon,Gangwon,Chungbuk,Chungbuk,Chungbuk,Chungbuk,Chungbuk,Chungbuk,Chungbuk,Chungbuk,Chungbuk,Chungbuk,Chungbuk,Chungbuk,Chungbuk,Chungnam,Chungnam,Chungnam,Chungnam,Chungnam,Chungnam,Chungnam,Chungnam,Chungnam,Chungnam,Chungnam,Chungnam,Chungnam,Chungnam,Chungnam,Chungnam,Jeonbuk,Jeonbuk,Jeonbuk,Jeonbuk,Jeonbuk,Jeonbuk,Jeonbuk,Jeonbuk,Jeonbuk,Jeonbuk,Jeonbuk,Jeonbuk,Jeonbuk,Jeonbuk,Jeonbuk,Jeonnam,Jeonnam,Jeonnam,Jeonnam,Jeonnam,Jeonnam,Jeonnam,Jeonnam,Jeonnam,Jeonnam,Jeonnam,Jeonnam,Jeonnam,Jeonnam,Jeonnam,Jeonnam,Jeonnam,Jeonnam,Jeonnam,Jeonnam,Jeonnam,Jeonnam,Jeonnam,Gyeongbuk,Gyeongbuk,Gyeongbuk,Gyeongbuk,Gyeongbuk,Gyeongbuk,Gyeongbuk,Gyeongbuk,Gyeongbuk,Gyeongbuk,Gyeongbuk,Gyeongbuk,Gyeongbuk,Gyeongbuk,Gyeongbuk,Gyeongbuk,Gyeongbuk,Gyeongbuk,Gyeongbuk,Gyeongbuk,Gyeongbuk,Gyeongbuk,Gyeongbuk,Gyeongbuk,Gyeongnam,Gyeongnam,Gyeongnam,Gyeongnam,Gyeongnam,Gyeongnam,Gyeongnam,Gyeongnam,Gyeongnam,Gyeongnam,Gyeongnam,Gyeongnam,Gyeongnam,Gyeongnam,Gyeongnam,Gyeongnam,Gyeongnam,Gyeongnam,Gyeongnam,Gyeongnam,Gyeongnam,Jeju Special Self-governing Province,Jeju Special Self-governing Province,Jeju Special Self-governing Province
"Period",Sub Summary,Seoul,Busan,Daegu,Incheon,Gwangju,Daejeon,Ulsan,Sejong-si,Suwon,Anyang,Seongnam,Uijeongbu,Gwangmyeong,Ansan,Pyeongtaek,Gwacheon,Guri,Uiwang,Goyang,Gwangju,Gunpo,Siheung,Bucheon,Namyangju,Yongin,Kimpo,Osan,Hanam,Hwaseong,Yangju,Dongducheon,Anseong,Icheon,Paju,Pocheon,Yeoju,Yeoncheon,Gapyeong,Yangpyeong,Average for provinces,Yanggu,Goseong,Jeongseon,Hoengseong,Chuncheon,Gangneung,Wonju,Donghae,Samcheok,Pyeongchang,Yangyang,Sokcho,Yeongwol,Cheorwon,Hongcheon,Hwacheon,Taebaek,Inje,Average for provinces,Goesan,Eumseong,Cheongju,Chungju,Jecheon,Cheongwon,Danyang,Jincheon,Okcheon,Yeongdong,Jeungpyeong,Boeun,Average for provinces,Cheonan,Dangjin,Seosan,Asan,Nonsan,Taean,Boryeong,Hongseong,Gongju,Buyeo,Cheongyang,Geumsan,Yesan,Gyeryong,Seocheon,Average for provinces,Imsil,Jeonju,Gunsan,Iksan,Namwon,Jeongeup,Gochang,Buan,Gimje,Wanju,Jinan,Muju,Sunchang,Jangsu,Average for provinces,Hwasun,Yeosu,Gwangyang,Suncheon,Mokpo,Yeongam,Naju,Damyang,Jangseong,Haenam,Yeonggwang,Jangheung,Jindo,Wando,Hampyeong,Goheung,Sinan,Muan,Gangjin,Gokseong,Gurye,Boseong,Average for provinces,Yeongdeok,Yeongcheon,Uiseong,Ulleung-do,Pohang,Gumi,Gimcheon,Gyeongju,Andong,Yeongju,Gyeongsan,Sangju,Chilgok,Uljin,Bonghwa,Goryeong,Gunwi,Seongju,Yecheon,Cheongdo,Cheongsong,Yeongyang,Mungyeong,Average for provinces,Changwon,Masan,Jinju,Jinhae,Hadong,Gimhae,Yangsan,Geoje,Sacheon,Miryang,Tongyeong,Goseong,Geochang,Haman,Hamyang,Namhae,Sancheong,Uiryeong,Changnyeong,Hapcheon,Average for provinces,Jeju,Seogwipo,Average for provinces
"2014.05",67,63,71,60,67,64,59,67,-,68,69,68,66,68,68,79,65,77,76,72,62,78,73,77,63,75,77,67,54,70,65,77,81,88,77,76,88,72,68,63,71,-,-,-,-,63,56,79,57,68,-,-,-,-,-,-,-,-,-,67,-,-,69,72,74,80,57,-,-,-,-,-,70,64,61,59,65,-,-,-,-,-,-,-,-,-,-,-,62,-,73,69,77,64,75,73,-,-,-,-,-,-,-,73,-,53,61,49,72,55,-,-,-,-,-,-,-,-,-,-,-,-,-,-,-,-,56,-,-,-,-,69,65,78,64,64,55,61,-,-,-,-,-,-,-,-,-,-,-,-,66,69,71,75,69,67,57,67,67,55,-,-,-,-,-,-,-,-,-,-,-,67,81,70,77
"2014.06",45,38,54,42,43,41,39,48,-,44,47,46,42,43,47,58,43,45,55,43,40,55,48,51*,39,50,49,46,37,51,41,52,56,62,45,54,57,44,41,40,47,-,-,-,-,38,41,52,36,51,-,-,-,-,-,-,-,-,-,44,-,-,47,45,51,53,39,-,-,-,-,-,47,41,40,37,40,-,-,-,-,-,-,-,-,-,-,-,39,-,53,40,52,46,54,45,-,-,-,-,-,-,-,48,-,36,45,35,50,38,-,-,-,-,-,-,-,-,-,-,-,-,-,-,-,-,40,-,-,-,-,48,49,53,49,37,33,45,-,-,-,-,-,-,-,-,-,-,-,-,47,49,53,53,56,53,40,47,48,39,-,-,-,-,-,-,-,-,-,-,-,48,54,46,51
"2014.07",41,38,48,38,41,29,31,45,-,41,45,48,42,42,43,50,43,43,51,44,29,51,47,48,38,49,49,44,38,48,44,56,47,57,48,54,49,44,41,37,46,-,-,-,-,33,37,43,35,47,-,-,-,-,-,-,-,-,-,39,-,-,38,32,41,43,35,-,-,-,-,-,37,36,33,32,35,-,-,-,-,-,-,-,-,-,-,-,34,-,37,31,40,38,36,30,-,-,-,-,-,-,-,36,-,28,37,28,38,35,-,-,-,-,-,-,-,-,-,-,-,-,-,-,-,-,32,-,-,-,-,44,45,43,47,33,28,43,-,-,-,-,-,-,-,-,-,-,-,-,42,40,45,41,47,45,35,42,38,30,-,-,-,-,-,-,-,-,-,-,-,40,41,31,38
"2014.08",32,29,36,27,34,32,23,32,-,31,35,39,34,32,33,38,34,32,40,36,32,39,38,37,30,38,40,38,29,39,33,45,35,51,40,48,41,32,33,30,36,-,-,-,-,28,32,35,31,36,-,-,-,-,-,-,-,-,-,32,-,-,27,26,32,30,31,-,-,-,-,-,28,25,26,29,37,-,-,-,-,-,-,-,-,-,-,-,28,-,31,28,35,30,30,28,-,-,-,-,-,-,-,31,-,27,29,22,26,28,-,-,-,-,-,-,-,-,-,-,-,-,-,-,-,-,26,-,-,-,-,32,34,32,36,24,23,29,-,-,-,-,-,-,-,-,-,-,-,-,32,29,31,33,30,41,26,30,28,21,-,-,-,-,-,-,-,-,-,-,-,29,35,22,30
"2014.09",34,29,39,33,36,31,27,35,-,32,36,35,29,33,34,41,32,28,40,35,31,39,41,36,27,35,39,39,25,38,36,38,34,51,41,39,41,29,28,26,35,-,-,-,-,28,32,35,28,28,-,-,-,-,-,-,-,-,-,31,-,-,32,29,36,37,31,-,-,-,-,-,33,31,26,29,40,-,-,-,-,-,-,-,-,-,-,-,31,-,36,32,46,35,35,31,-,-,-,-,-,-,-,37,-,28,32,27,24,33,-,-,-,-,-,-,-,-,-,-,-,-,-,-,-,-,28,-,-,-,-,30,41,32,35,27,25,34,-,-,-,-,-,-,-,-,-,-,-,-,33,37,42,41,37,53,30,35,33,29,-,-,-,-,-,-,-,-,-,-,-,37,34,32,33
"2014.10",38,33,39,36,40,32,29,39,-,37,38,39,33,37,40,50,35,34,43,40,38,44,47,40,32,41,46,46,29,42,43,44,41,59,50,53,50,37,35,33,41,-,-,-,-,33,39,44,36,31,-,-,-,-,-,-,-,-,-,37,-,-,37,33,38,44,32,-,-,-,-,-,36,37,30,32*,48,-,-,-,-,-,-,-,-,-,-,-,35,-,37,37,51,35,37,31*,-,-,-,-,-,-,-,40,-,26,29*,27,29,33,-,-,-,-,-,-,-,-,-,-,-,-,-,-,-,-,28,-,-,-,-,38,43,33,41,34,34,38,-,-,-,-,-,-,-,-,-,-,-,-,39,43,44,44,37,52,36,39,34,30,-,-,-,-,-,-,-,-,-,-,-,41,38,38*,38
"2014.11",47,45,47,49,47,37,39,46,-,48,50,49,51,48,50,61,46,56,56,52,56,55,58,51,47,55,57,56,43,55,63,63,56,54,62,74,67,51,53,48,53,-,-,-,-,45,39,68,37,30,-,-,-,-,-,-,-,-,-,48,-,-,54,47,50*,58,43,-,-,-,-,-,51,45,32,33*,28,-,-,-,-,-,-,-,-,-,-,-,35,-,47,42,54,46,46,30,-,-,-,-,-,-,-,46,-,29,31,29,33,36*,-,-,-,-,-,-,-,-,-,-,-,-,-,-,-,-,30,-,-,-,-,42,52,43,56,48,49,50,-,-,-,-,-,-,-,-,-,-,-,-,47,50,53,53,43,49,44,50,39,36,-,-,-,-,-,-,-,-,-,-,-,48,40,37,39
"2014.12",44,44,42,44,45,35,43,38,-,46,44,48,51,46,49,55,46,52,53,51*,54,50,60*,47,50,54,56,48,45,51,56,63,50,44,56,69,60,53,55,46,51,-,-,-,-,56*,50**,65,36,32,-,-,-,-,-,-,-,-,-,51,-,-,54,35*,37*,60,46,-,-,-,-,-,49,44,30,38,25,-,-,-,-,-,-,-,-,-,-,-,35,-,46,45,47*,45,39,35,-,-,-,-,-,-,-,44,-,30,31,28,32,48*,-,-,-,-,-,-,-,-,-,-,-,-,-,-,-,-,31,-,-,-,-,33*,50,38,48,54**,47,43,-,-,-,-,-,-,-,-,-,-,-,-,43,44,40,51*,36,44,36,48,34,34,-,-,-,-,-,-,-,-,-,-,-,42,49*,42,46
"2015.01",52,49,47,54,53,43,52,46,-,53,51,56,67,52,60,67,55,57,61,56,61,58,65,55,56,62,62,57,53,60,65,75,56,49,59,76,70,51,59,54,58,-,-,-,-,65,48,79,39,36,-,-,-,-,-,-,-,-,-,59,-,-,66,55,50,-,55,-,-,-,-,-,61,56,39,50,32,-,-,-,-,-,-,-,-,-,-,-,45,-,54,52,57,55,53,53,-,-,-,-,-,-,-,54,-,34,40,33,39,55,-,-,-,-,-,-,-,-,-,-,-,-,-,-,-,-,37,-,-,-,-,42,55,50,54,48,59,53,-,-,-,-,-,-,-,-,-,-,-,-,50,47,-,54,-,50,44,52,39,43,-,-,-,-,-,-,-,-,-,-,-,48,51,47,49
"2015.02",75,84,63,66,84,59,68,64,-,79,78,86,100,87,87,82,88,97,89,88,92,87,93,85,96,94,101,81,78,82,88,103,79,97,108,97,89,87,94,87,88,-,-,-,-,95,74,109,64,53,-,-,-,-,-,-,-,-,-,85,-,-,84,78,85,-,69,-,-,-,-,-,81,78,65,71,46,-,-,-,-,-,-,-,-,-,-,-,67,-,73,71,75,75,70,68,-,-,-,-,-,-,-,73,-,52,55,50,46,68,-,-,-,-,-,-,-,-,-,-,-,-,-,-,-,-,52,-,-,-,-,62,70,76,61,74,82,71,-,-,-,-,-,-,-,-,-,-,-,-,68,63,-,70,-,69,58,69,56,60,-,-,-,-,-,-,-,-,-,-,-,64,63,55,61
"2015.03",68,71,56,61,73,64,68,59,-,70,67,76,85,71,76,94,70,81,76,77,77,79,80,73,80,83,85,77,64,75,82,100,84,89,91,89,78,91,80,73,78,-,-,-,-,81,72,94,66,55,-,-,-,-,-,-,-,-,-,77,-,-,82,71,76,-,60,-,-,-,-,-,77,71,63,69,58,-,-,-,-,-,-,-,-,-,-,-,66,-,76,73,86,74,74,74,-,-,-,-,-,-,-,77,-,45,51,45,50,73,-,-,-,-,-,-,-,-,-,-,-,-,-,-,-,-,49,-,-,-,-,59,65,77,54,59,79*,68,-,-,-,-,-,-,-,-,-,-,-,-,63,56,-,64,-,67,52,62,53,50,-,-,-,-,-,-,-,-,-,-,-,57,62,53,59
"2015.04",47,45,48,42,54,40,40,49,-,45,49,50,56,46,51,60,43,51,48,50,50,52,55,52,47,51,57,49,39,51,50,65,49,57,55,58,46*,58,46,43,51,-,-,-,-,49,55,54,51,44,-,-,-,-,-,-,-,-,-,51,-,-,46,41,43,-,37,-,-,-,-,-,44,41,44,45,42,-,-,-,-,-,-,-,-,-,-,-,43,-,45,45,52,46,43,45,-,-,-,-,-,-,-,47,-,34,38,35,41,57,-,-,-,-,-,-,-,-,-,-,-,-,-,-,-,-,38,-,-,-,-,46,43*,47,48,38,42,46,-,-,-,-,-,-,-,-,-,-,-,-,45,47,-,52,-,49,40,55,44,33,-,-,-,-,-,-,-,-,-,-,-,47,48,47,47
"2015.05",50,45,56,48,52,41,49,57,-,47,47,50,55,46,49,67,43,50,49,50,51,60,52,50,48,55,52,52,40,54,46,62,59,69,57,57,64*,52,47,48,51,-,-,-,-,53,54,62,52,52,-,-,-,-,-,-,-,-,-,55,-,-,57,45,51,-,46,-,-,-,-,-,52,47,45,45,49,-,-,-,-,-,-,-,-,-,-,-,46,-,49,44,58,51,50,45,49,-,-,-,-,-,-,50,-,39,45,37,36,53,-,-,-,-,-,-,-,-,-,-,-,-,-,-,-,-,41,-,-,-,-,49,52,50,51,46,44,47,-,-,-,-,-,-,-,-,-,-,-,-,49,51,-,56,-,55,47,61,46,40,-,-,-,-,-,-,-,-,-,-,-,51,42,43,42
"2015.06",43,35,49,47,42,41,40,50,-,37,40,41,41,35,40,53,34,36,41,40,41,49,42,40,36,44,42,41,31,45,38,46,41,53,42,44,45,33,29,33,41,-,-,-,-,37,43,44,38,46,-,-,-,-,-,-,-,-,-,41,-,-,47,34,37,-,35,-,-,-,-,-,42,51,41,38,34,-,-,-,-,-,-,-,-,-,-,-,42,-,45,40,54,55,49,42,48,-,-,-,-,-,-,47,-,36,45,39,36,55,-,-,-,-,-,-,-,-,-,-,-,-,-,-,-,-,40,-,-,-,-,44,47,46,54,33,32,44,-,-,-,-,-,-,-,-,-,-,-,-,44,50,-,53,-,55,44,53,48,39,-,-,-,-,-,-,-,-,-,-,-,49,41,40,41
"2015.07",34,30,37*,34,34*,31*,31*,38,-,29*,29**,36,35,29,30*,41,27,32,32,33,59**,41,34,33,30**,35,33,33,61**,41,32,44,32,47,32**,43,32,25,20*,24,34,-,-,-,-,32,34,33,26,38,-,-,-,-,-,-,-,-,-,33,-,-,39,25*,24,-,25,-,-,-,-,-,32*,35,43**,34**,22,-,-,-,-,-,-,-,-,-,-,-,32*,-,32,30,33,41,38,33,36,-,-,-,-,-,-,33,-,31*,35,29*,30,54,-,-,-,-,-,-,-,-,-,-,-,-,-,-,-,-,34*,-,-,-,-,34,33,31,43,23,24,35,-,-,-,-,-,-,-,-,-,-,-,-,33,38*,-,42,-,46,38*,38*,35,32,-,-,-,-,-,-,-,-,-,-,-,39,36,30,34
"2015.08",37,34,39*,37,42*,29*,32*,38*,-,37,36*,39,43**,36,37*,45,34,35,35*,39,39,42,39*,39,33,44*,38,46**,39,42,37,43,39,52,36*,47,33,31,23,-,38,-,-,-,-,38,37,38*,36**,67**,-,-,-,-,-,-,-,-,-,38*,-,-,38,26,30,-,29,-,-,-,-,-,34,38*,34,40,32**,-,-,-,-,-,-,-,-,-,-,-,37*,-,31,32,33,34,37,35,36,-,-,-,-,-,-,33,-,30,36*,28*,32*,45,-,-,-,-,-,-,-,-,-,-,-,-,-,-,-,-,32,-,-,-,-,37*,38*,-,-,30,26,31,-,-,-,-,-,-,-,-,-,-,-,-,35*,39,-,40*,-,45,36,38,44**,32,-,-,-,-,-,-,-,-,-,-,-,38,39,29,35
"2015.09",30,28,29*,30,38*,25*,27,28*,-,32*,30*,32,38,30**,34*,39*,27**,27*,33,32**,32,28**,36,28*,25,37*,36*,38,28,40*,32*,-,30,41**,40,39*,-,20**,-,26,33*,-,-,-,-,32,34,29,19,20,-,-,-,-,-,-,-,-,-,28,-,-,33*,-,23,-,-,-,-,-,-,-,31**,31,32,37,12,-,-,-,-,-,-,-,-,-,-,-,30,-,28,27,27**,-,-,-,35,-,-,-,-,-,-,29*,-,22*,26,24,25,39**,-,-,-,-,-,-,-,-,-,-,-,-,-,-,-,-,25*,-,-,-,-,34*,32,28*,17*,23,-,-,-,-,-,-,-,-,-,-,-,-,-,-,30*,31,-,37,-,25**,28*,30**,35,24,-,-,-,-,-,-,-,-,-,-,-,31,33,34,33
"2015.10",48,44,43*,43,53,49*,50,43*,-,56,51*,52,41,56**,55,75*,49,-,52,50**,54,56**,56,57**,42,55*,55*,61,49,67**,-,60,-,-,59,-,72*,-,53**,45,54*,-,-,-,-,52*,47,45*,32,30,-,-,-,-,-,-,-,-,-,42*,-,-,57,46,44,-,43,-,-,-,-,-,52,56,43,53,23,-,-,-,-,-,-,-,-,-,-,-,47,-,54**,46**,71,50,61*,58,59,-,-,-,-,-,-,60*,-,37,41,39,53*,60,-,-,-,-,-,-,-,-,-,-,-,-,-,-,-,-,42,-,-,-,-,39*,45*,48,24,35,49*,55*,-,-,-,-,-,-,-,-,-,-,-,-,41*,46*,-,58,-,48,40,41,43,32*,-,-,-,-,-,-,-,-,-,-,-,45,51,32**,50*
"2015.11",36,33,33,34,41,35,37,31,-,41,40,38,40,37,43,51,36,40*,35**,40,43,39,43,37,33,37,45,44,38,41*,40*,41,31*,28*,44,47*,42,33**,35,34,40,-,-,-,-,41,39,38,24,28,-,-,-,-,-,-,-,-,-,35,-,-,45,32,33,-,33,-,-,-,-,-,40,42,35,39,44,-,-,-,-,-,-,-,-,-,-,-,39,-,43*,37*,51,33,42,46,47,-,-,-,-,-,-,43,-,24,28,28,37,44,-,-,-,-,-,-,-,-,-,-,-,-,-,-,-,-,29,-,-,-,-,30,34,39,18,30,39,37,-,-,-,-,-,-,-,-,-,-,-,-,32,36,-,38,-,29,34,31*,35,30**,-,-,-,-,-,-,-,-,-,-,-,35,41*,27**,38*
"2015.12",50,48,41,51,54,42,49,39,-,54,60,52,60,57,61,67,55,68,57,65,60,52,60,60,52,55,68,57,65,64*,87,71,51,54,67,95,60,56,49,50,60,-,-,-,-,66*,46,63,34,36,-,-,-,-,-,-,-,-,-,52,-,-,58,50,53,-,45,-,-,-,-,-,54,51,41,40,53,-,-,-,-,-,-,-,-,-,-,-,45,-,61,50,59,44,55,48,51,-,-,-,-,-,-,54,-,33,36,36,42,43,-,-,-,-,-,-,-,-,-,-,-,-,-,-,-,-,36,-,-,-,-,34*,49,51,25,47,61,56,-,-,-,-,-,-,-,-,-,-,-,-,45,44,-,43,-,39,41,45,40,43,-,-,-,-,-,-,-,-,-,-,-,43,42,37,41
"2016.01",50,50,45,49,49,39,48,43,52,52,55,50,60,54,55,68,52,66,50,62,60,44,54,67,54,53,66,51,64,59,78,62,50,53,67,88,70,59,58,56,58,-,-,-,-,62**,43,63,35,35,-,-,-,-,-,-,-,-,-,50,-,-,55,49,54,-,47,-,-,-,-,-,53,53,39,41,52,-,-,-,-,-,-,-,-,-,-,-,45,-,60,52,60,44,57,48,50,50,-,-,-,-,-,54,-,34,40,35,42,40,-,-,-,-,-,-,-,-,-,-,-,-,-,-,-,-,37,-,-,-,-,38,52,50,25,47,59,54,-,-,-,-,-,-,-,-,-,-,-,-,45,45,-,48,-,38,42,48,43,45,-,-,-,-,-,-,-,-,-,-,-,45,45,39,43
"2016.02",47,45,46,45,46,44,46,42,47,49,53,45,51,51,51,58,47,61,48,54,54,44,49,63,46,49,59,46,57,54,56,53,39,47,63,67,59,51,58,52,52,-,-,-,-,59**,49,56,39,37,-,-,-,-,-,-,-,-,-,49,-,-,52,46,50,-,44,-,-,-,-,-,50,47,36,44,46,-,-,-,-,-,-,-,-,-,-,-,43,-,57,50,54,40,52,50,47,46,-,-,-,-,-,51,-,37,41,38,44,45,-,-,-,-,-,-,-,-,-,-,-,-,-,-,-,-,39,-,-,-,-,36,46,46,23,45,58,49,-,-,-,-,-,-,-,-,-,-,-,-,42,47,-,51,-,45,43,46,47,45,-,-,-,-,-,-,-,-,-,-,-,47,53,43,50
"2016.03",60,64,52,52,65,52,59,50,59,69,70,62,70,71,72,80,66,77,63,78,68,60,67,88,62,63,82,65,74,75,74,76,58,67,78,79,72,66,71,67,71,-,-,-,-,70**,63,70,52,53,-,-,-,-,-,-,-,-,-,63,-,-,70,64,63,-,56,-,-,-,-,-,67,64,59,58,63,-,-,-,-,-,-,-,-,-,-,-,61,-,69,65,68,51,66,57,59,61,-,-,-,-,-,64,-,43,48,43,51,53,-,-,-,-,-,-,-,-,-,-,-,-,-,-,-,-,46,-,-,-,-,43,51,57,28,48,65,50,-,-,-,-,-,-,-,-,-,-,-,-,48,53,-,56,-,56,46,52,51,47,-,-,-,-,-,-,-,-,-,-,-,52,53,45,50
"2016.04",67,71,60,60,72,64,64,61,60,76,75,66,70,77,75,91,70,78,69,81,72,66,73,93,64,67,83,73,72,83,77,87,81,75,83,86,68,71,69,67,76,-,-,-,-,71**,69,68,63,64,-,-,-,-,-,-,-,-,-,67,-,-,72,66,53,-,51,-,-,-,-,-,66,73,73,68,69,-,-,-,-,-,-,-,-,-,-,-,71,-,80,73,75,63,78,78,71,74,-,-,-,-,-,75,-,52,51,52,59,58,-,-,-,-,-,-,-,-,-,-,-,-,-,-,-,-,53,-,-,-,-,55,59,54,37,53,62,57,-,-,-,-,-,-,-,-,-,-,-,-,55,61,-,64,-,62,48,62,58,52,-,-,-,-,-,-,-,-,-,-,-,59,61,52,58
"2016.05",54,56,53,48,58,49,49,57,47,59,54,51,54,59,58,69,54,60,54,64,56,54,57,67,49,53,64,60,57,66,54,62,66,62,66,45**,55,47,47,50,58,-,-,-,-,52**,58,57,57,55,-,-,-,-,-,-,-,-,-,56,-,-,57,54,42,-,41,-,-,-,-,-,53,56,62,50,49,-,-,-,-,-,-,-,-,-,-,-,55,-,60,58,59,49,62,57,57,58,-,-,-,-,-,58,-,47,47,45,47,49,-,-,-,-,-,-,-,-,-,-,-,-,-,-,-,-,47,-,-,-,-,51,44,38,36,44,52,48,-,-,-,-,-,-,-,-,-,-,-,-,47,55,-,55,-,57,43,56,54,47,-,-,-,-,-,-,-,-,-,-,-,53,56,46,53
"2016.06",42,46,39,39,48,35,38,41,39,49,44,42,43,47,48,55,43,40,45,49,43,43,45,47,38,44,48,49,44,51,41,50,47,62,50,38,38,35,34,39,46,-,-,-,-,37**,44,44,38,50,-,-,-,-,-,-,-,-,-,43,-,-,43,40,26,-,31,-,-,-,-,-,39,45,54,42,45,-,-,-,-,-,-,-,-,-,-,-,47,-,51,45,53,42,49,44,47,50,-,-,-,-,-,48,-,28,37,31,35,39,-,-,-,-,-,-,-,-,-,-,-,-,-,-,-,-,33,-,-,-,-,37,30,34,26,32,37,36,-,-,-,-,-,-,-,-,-,-,-,-,34,44,-,46,-,45,35,43,40,35,-,-,-,-,-,-,-,-,-,-,-,42,38,28,34
"2016.07",30,33,29,29,35,23,27,32,30,33,28,30,30,33,33,34,32,33,32,31,33,41,34,34,28,32,33,36,33,33,20,37,27,46,36,31,33,23,19,30,32,-,-,-,-,29**,33,28,25,40,-,-,-,-,-,-,-,-,-,31,-,-,24,25,15,-,24,18,-,-,-,-,23,29,38,27,32,-,-,-,-,-,-,-,-,-,-,-,31,-,33,28,29,32,-,22,25,28,-,-,-,-,-,29,-,22,29,23,25,31,-,-,-,-,-,-,-,-,-,-,-,-,-,-,-,-,25,-,-,-,-,29,21,28,18,20,27,28,-,-,-,-,-,-,-,-,-,-,-,-,25,34,-,38,-,36,27,31,30,26,-,-,-,-,-,-,-,-,-,-,-,33,29,23,27
"2016.08",34,34,36,28,37,28,29,32,38,40,33,33,27,38,39,42,35,37,37,33,34,46,39,38,27,36,41,46,34,36,21,30,31,58*,39,30,35,21,17,29,36,-,-,-,-,28**,33,29,20,37,-,-,-,-,-,-,-,-,-,29,-,-,29,25,17,-,22,27,-,-,-,-,26,37,45,37,41,-,-,-,-,-,-,-,-,-,-,-,40,-,39,38,37,47,-,28,34,37,-,-,-,-,-,37,-,30,34,31,33,34,-,-,-,-,-,-,-,-,-,-,-,-,-,-,-,-,32,-,-,-,-,27,19*,30,21,18,26,28,-,-,-,-,-,-,-,-,-,-,-,-,24,38,-,38,-,40,30,34,38,33,-,-,-,-,-,-,-,-,-,-,-,36,31,27,29
"2016.09",37,37,36,33,41,31,32,35,39,43,41,38,35,41,41,54,37,54,41,40,37,51*,45,40,32,40,47,49,36,44,40,39,34,40*,41*,34,39,32,37,32,41,-,-,-,-,31**,38,34,26,41,-,-,-,-,-,-,-,-,-,34,-,-,33,29,25,-,28,31,-,-,-,-,31,37,48,41,43,-,-,-,-,-,-,-,-,-,-,-,42,-,42,37,47,38,33,37**,37,40,-,-,-,-,-,41,-,28,31,30,36**,33,-,-,-,-,-,-,-,-,-,-,-,-,-,-,-,-,30,-,-,-,-,31,30*,40,25**,27,31,32,-,-,-,-,-,-,-,-,-,-,-,-,31,38,-,40,-,37,30,38,37,28,-,-,-,-,-,-,-,-,-,-,-,37,36,33*,35
"2016.10",39,38,37,35,42,32,36,37,39,44,40,38,40,42,42,61,32,61,42,39,42,50**,47*,45,34,42,56,50,39,47,49,43,50,45,46*,39,44,39,40,32,44,-,-,-,-,34**,44,40,26,36,-,-,-,-,-,-,-,-,-,37,-,-,40,36,31,-,32,37,-,-,-,-,37,42,59,37,44,-,-,-,-,-,-,-,-,-,-,-,46,-,46,37,52,38,36,42**,43,45,-,-,-,-,-,44,-,29,30,30,35**,33,-,-,-,-,-,-,-,-,-,-,-,-,-,-,-,-,30,-,-,-,-,33,35,43,25,30,36,33,-,-,-,-,-,-,-,-,-,-,-,-,34,41,-,41,-,39,29,40,37,30,-,-,-,-,-,-,-,-,-,-,-,38,42,36,40
"2016.11",53,52,49,52*,55,44,51,48,53,61,58,52,56,58,56,78,54,76,59,59,65,59,62,60,54,58,77,62,61,65,65,65,64,67,65,62,67,61,64,56,61,-,-,-,-,60**,53,69,38,42,-,-,-,-,-,-,-,-,-,55,-,-,57,53,55,-,52,56,-,-,-,-,55,55,57,39,54,-,-,-,-,-,-,-,-,-,-,-,51,-,61,45,70,60,50,56,53,54,-,-,-,-,-,57,-,35,38,36,41,42,-,-,-,-,-,-,-,-,-,-,-,-,-,-,-,-,37,-,-,-,-,45,53,60,34,46,59,56,-,-,-,-,-,-,-,-,-,-,-,-,50,52,-,52,-,46,44,55,44,42,-,-,-,-,-,-,-,-,-,-,-,50,43,32,39
"2016.12",48,48,44,47,47,40,47,40,49,55,54,47,55,53,53,67,48,68,56,56,61,53,57,54,50,55,71,54,56,61,55,62,59,65,59,62,63,56,58,49,56,-,-,-,-,54**,40,66,30,31,-,-,-,-,-,-,-,-,-,48,-,-,52,48,52,-,49,52,-,-,-,-,51,48,46,30,51,-,-,-,-,-,-,-,-,-,-,-,43,-,55,40,63,53,45,49,44,45,-,-,-,-,-,51,-,29,35,30,36,38,-,-,-,-,-,-,-,-,-,-,-,-,-,-,-,-,32,-,-,-,-,42,46,43,34,42,55,51,-,-,-,-,-,-,-,-,-,-,-,-,44,46,-,46,-,37,41,49,37,39,-,-,-,-,-,-,-,-,-,-,-,44,38,32,36
"2017.01",52,53,45,49,52,47,51,42,53,61,61,53,65,58,60,72,55,75,61,64,70,62,63,53,59,61,75,57,65,67,63,72,66,74,65,70,73,66,75,61,63,-,-,-,-,64**,48,77,35,35,-,-,-,-,-,-,-,-,-,56,-,-,56,56,56,-,54,54,-,-,-,-,56,54,50,38,66,-,-,-,-,-,-,-,-,-,-,-,50,-,62,46,68,57,50,56,46,49,-,-,-,-,-,56,-,33,39,33,41,41,-,-,-,-,-,-,-,-,-,-,-,-,-,-,-,-,36,-,-,-,-,41,52,46,35,49,63,53,-,-,-,-,-,-,-,-,-,-,-,-,47,47,-,50,-,47,41,50,39,43,-,-,-,-,-,-,-,-,-,-,-,46,37,31,35
"2017.02",47,46,42,41,47,35,46,39,46,52,55,47,57,51,52,61,47,64,55,56,61,58,56,49,50,54,67,51,58,60,58,61,62,64,55,57,69,56,69,55,55,-,-,-,-,56,52,68,36,37,-,-,-,-,-,-,-,-,-,54,-,-,49,55,52,-,48,47,-,-,-,-,50,46,43,38,61,-,-,-,-,-,-,-,-,-,-,-,45,-,56,42,64,49,40,45*,40,43,-,-,-,-,-,50,-,30,37,29,38,38,-,-,-,-,-,-,-,-,-,-,-,-,-,-,-,-,33,-,-,-,-,37,43,41,29,44,54,44,-,-,-,-,-,-,-,-,-,-,-,-,41,43,-,45,-,46,37,45,37,38,-,-,-,-,-,-,-,-,-,-,-,42,39,33,37
"2017.03",59,60,52,48,62,49,54,51,57,70,71,60,68,64,68,87,61,79,66,71,73,80,72,65,57,69,87,69,72,82,70,69,81,76,68,67,83,67,73,61,71,-,-,-,-,60,62,69,47,50,-,-,-,-,-,-,-,-,-,60,-,-,60,56,54,-,51,59,-,-,-,-,58,60,59,54,79,61,-,-,-,-,-,-,-,-,-,-,-,-,72,57,83,63,55,58,57,61,-,-,-,-,-,66,-,39,44,37,49,53,-,-,-,-,-,-,-,-,-,-,-,-,-,-,-,-,42,-,-,-,-,45,48,50,37,48,53,51,-,-,-,-,-,-,-,-,-,-,-,-,47,51,-,55,-,56,45,54,46,43,-,-,-,-,-,-,-,-,-,-,-,50,47,37,44
"2017.04",57,56,54,50,58,54,58,55,58,63,63,56,66,63,60,81,58,73,58,65,61,67,64,63,54,62,79,60,61,73,65,65,68,67,63,53,73,61,56,54,64,-,-,-,-,54,55,64,49,49,-,-,-,-,-,-,-,-,-,55,-,-,57,54,49,-,48,56,53,-,-,-,54,56,63,61,69,-,-,-,-,-,-,-,-,-,-,-,61,-,67,58,79,52,58,60,61,58,-,-,-,-,-,64,-,42,47,44,51,50,-,-,-,-,-,-,-,-,-,-,-,-,-,-,-,-,45,-,-,-,-,42,48,51,37,46,52,51,-,-,-,-,-,-,-,-,-,-,-,-,46,54,-,57,-,61,43,55,52,42,-,-,-,-,-,-,-,-,-,-,-,52,59,44,54
"2017.05",62,63,58,53,63,56,63,64,64,69,66,62,64,73,65,86,65,77,67,72,61,71,73,74,62,69,85,69,63,79,71,70,73,72,74,55,79,57,60,62,70,-,-,-,-,62,61,63,58,57,-,-,-,-,-,-,-,-,-,61,-,-,59,58,53,-,52,59,53,-,-,-,57,63,70,71,65,-,-,-,-,-,-,-,-,-,-,-,68,-,67,65,84,54,59,53,68,64,-,-,-,-,-,67,-,50,51,51,54,51,-,-,-,-,-,-,-,-,-,-,-,-,-,-,-,-,51,-,-,-,-,50,52,50,45**,53,55,55,-,-,-,-,-,-,-,-,-,-,-,-,51,57,-,55,-,64,47,57,56,47,-,-,-,-,-,-,-,-,-,-,-,55,50,41,47
"2017.06",42,41,42,38,42,35,43,44,44,43,42,42,48,47,41,56,41,52,44,47,43,46,44,44,38,44,53,49,43,50,46,47,49,44,45,36,49,30,29,42,45,-,-,-,-,40,38,41,41,44,-,-,-,-,-,-,-,-,-,41,-,-,44,41,32,-,38,40,35,-,-,-,40,43,45,46,36,-,-,-,-,-,-,-,-,-,-,-,43,-,49,42,54*,38,37,32,43,46,-,-,-,-,-,44,-,30,40,33,34,35,-,-,-,-,-,-,-,-,-,-,-,-,-,-,-,-,34,-,-,-,-,34,36,37,36,34,34,41,-,-,-,-,-,-,-,-,-,-,-,-,35,46,-,41,-,50,36,43,40,33,-,-,-,-,-,-,-,-,-,-,-,42,40,31,37
"2017.07",35,33,37,34,37,24,32,41,36,37*,32,37,42,40,38,38,36,42,37,39,37,36,38,34,33,36,44,48,40,38,33,42,37,30,37,37,36,25,26,36,37,-,-,-,-,32,33,30,36,41,-,-,-,-,-,-,-,-,-,33,-,-,31,26,22,-,28,30,21,-,-,-,28,35,37,30,40*,32,32,33,33,29,34,-,-,30,-,-,33,-,37,33,30*,30,23,24,28,29,-,-,-,-,-,31,-,27,35,29,32,37,-,-,-,-,-,-,-,-,-,-,-,-,-,-,-,-,30,-,-,-,-,29,31,33,31,27,28,35,-,-,-,-,-,-,-,-,-,-,-,-,30,41,-,40,-,47,32,38,37,32,-,-,-,-,-,-,-,-,-,-,-,39,31,25,26
"2017.08",26,21,28,24,27*,24,24,27,28,24,21,26,34,27,27,31,26,27,27,34,33**,20,29,26,20,28,32,28,26,28,21,27**,28,23,27,21,28,13,12,22,26,-,-,-,-,19,29,19,22*,29,-,-,-,-,-,-,-,-,-,22,-,-,20,22*,15,-,19,24,16,-,-,-,20,28,38,29,31*,26,30,22,27,17,29,-,-,21,-,-,28,-,29,30,22,25,22,23,26,28,-,-,-,-,-,27,-,22,26,24,30,30,-,-,-,-,-,-,-,-,-,-,-,-,-,-,-,-,25,-,-,-,-,23*,23,24,22,18,23,23*,-,-,-,-,-,-,-,-,-,-,-,-,22,33,-,28,-,27,23,30,30,22,-,-,-,-,-,-,-,-,-,-,-,29,30**,26,28*
"2017.09",37,32,39,36*,38,34,37,36,40,36,39,37,49,44,40,53,38,43,41,49,-,40,44,42,32,39*,52,40,37,46,32**,-,41,42,43,33,41,32,24,30,41,-,-,-,-,31,41,33,29**,30**,-,-,-,-,-,-,-,-,-,34*,-,-,37,35,30,-,32,35,28,-,-,-,35,39,49,42,43*,37,41*,38,45,30,37,-,-,38,-,-,40,-,40,40,39,31,35,36,40,38,-,-,-,-,-,38,-,28,30,28,36,35,-,-,-,-,-,-,-,-,-,-,-,-,-,-,-,-,30,-,-,-,-,32,34,31**,29,28,31,33,-,-,-,-,-,-,-,-,-,-,-,-,32,39,-,35,-,33,28,38,37,27,-,-,-,-,-,-,-,-,-,-,-,35,36*,25,32*
"2017.10",33,29,32,32*,33,33,36,29,39,31,35,31,47,39,34,50,30,42,36,42,35,33,40,38,28,34,50,34,35,41,42,35,42,39,42,36,38,31,20,28,37,-,-,-,-,28,39,29,20,19,-,-,-,-,-,-,-,-,-,27,-,-,35,32,29,-,27,32,26,-,-,-,32,38*,34*,38,57,39,35,35,44,27,38,-,-,40,-,-,38,-,38,38,43,29,36,38,44,41,-,-,-,-,-,39,-,22,23,24*,34,31,-,-,-,-,-,-,-,-,-,-,-,-,-,-,-,-,25,-,-,-,-,32,31,37**,31,27,32,30,-,-,-,-,-,-,-,-,-,-,-,-,31,34,-,29,-,28,23,34,33,25,-,-,-,-,-,-,-,-,-,-,-,30,30,24,27
"2017.11",48,42,50,52,41,50,51,46,50,44,54,44,54,49,44,69,44,63,50,55,62,50,50,45,43,54,66,44,52,55,62,56,59,60,52,51,58,52,39*,49,51,-,-,-,-,48,37,54,29,29,-,-,-,-,-,-,-,-,-,43,-,-,53,51,51,-,47,47,44,-,-,-,50,47,39**,40,57,49,42,46,49,44,49,-,-,49,-,-,46,-,59,48,52,50,48,46,56,52,-,-,-,-,-,52,-,38,37,38*,44,45,-,-,-,-,-,-,-,-,-,-,-,-,-,-,-,-,39,-,-,-,-,47,51,46,47,47,57,55,-,-,-,-,-,-,-,-,-,-,-,-,49,50,-,50,-,45,41,52,44,44,50*,44*,-,-,-,-,-,-,-,-,-,48,45,36,40
"2017.12",47,50,46,46,45,44,49,38,47,44,53,48*,55*,47,46,59,48,61,51,63,67,50,52,54,49,59,69,39,62,57,72,61,59,59,56,62,55,56,59,48,54,-,-,-,-,52,29,57,27,29,-,-,-,-,-,-,-,-,-,43,-,-,49,48,48,-,48,44,42,-,-,-,48,46,43**,36,49,48,42,44,45,42,50,42*,46*,46,-,-,44,-,48,44,44,47,39,44,45,42,-,-,-,-,-,44,-,31,34,32*,40,40,-,-,-,-,-,-,-,-,-,-,-,-,-,-,-,-,34,-,-,-,-,44,50,44,39,45,52,49,53**,94**,-,-,-,-,-,-,-,-,-,-,47,46,-,42,-,40,38,47,37,40,43,40,-,-,-,-,-,-,-,-,-,43,37,31,34
"2018.01",50,52,45,47,48,45,56,40,53,48,57,52*,63,48,50,68,50,56,55,64,64,54,57,58,50,58,56,50,66,62,72,58,67,63,54,60,60,51,49,51,56,-,-,-,-,57,33,59,31,32,47,-,-,-,-,-,-,-,-,47,-,-,58,52,52,-,52,53,46,-,-,-,54,55,59*,46,58,53,48,45,54,47,57,43,44,52,-,-,51,-,53,48,49,67,54,53,71,63,-,-,-,-,-,54,-,34,36,36,43,44,43,41,37,-,-,-,-,-,-,-,-,-,-,-,-,-,37,-,-,-,-,47,52,51,43,48,56,44,44,43,-,-,-,-,-,-,-,-,-,-,48,46,-,42,-,45,38,47,36**,38,43,39,-,-,-,-,-,-,-,-,-,43,35,32,33
"2018.02",52,53,52,48,49,50,56,47,51,51,58,54,60,59,52,62,53,56,56,59,60,55,59,57,51,54,57,53,66,61,66,62,59,58,61,57,57,44,45,52,56,-,-,-,-,60,37,48,36,36,44,-,-,-,-,-,-,-,-,46,-,-,51,57,50,-,50,48,47,-,-,-,51,52,60,47,53,53,48,41,44,42,54,42,42,46,-,-,49,-,58,51,50,74,55,53,73,66,68,58,-,-,-,58,-,39,42*,43,41,45,45,44,44,-,-,-,-,-,-,-,-,-,-,-,-,-,42,-,-,-,-,49,57,66,44,45,56,57,40,47,-,-,-,-,-,-,-,-,-,-,52,51,-,47,-,50,42,56,-,45,44,48,-,-,-,-,-,-,-,-,-,49,43,42,42
"2018.03",49,52,44,43,49,48,52,40,46,52,58,50,63,59,50,64,53,55,57,57,60,55,59,61,52,54,59,54,62,59,56,64,54,62,56,52,59,53,55,51,56,-,-,-,-,51,37,48,38,35,43,-,-,-,-,-,-,-,-,44,-,-,51,55,49,-,42,50,43,-,-,-,50,54,52,42,53**,47,44,46,50,44,47,42,40,47,49**,46**,48,-,57,49,52,65,54,51,68,66,55,53,-,-,-,55,-,34,38*,39,39,41,44,46,44,-,-,-,-,-,-,-,-,-,-,-,-,-,39,-,-,-,-,45,53,64,38,47*,47,52,45,38,-,-,-,-,-,-,-,-,-,-,48,44,-,44,-,42,33,45,41,38,38,45,-,-,-,-,-,-,-,-,-,42,43,40,42
"2018.04",56,52,63,56,46,56,60,64,55,52,61,54,62,58,52,71*,54,54,59,55,59,57,59,58,55,54,54,54,62,58,50,60,59,61,56,51,54,45,51,55,56,-,-,-,-,57,49,59,53,47,51,-,-,-,-,-,-,-,-,54,-,-,57,59,54,-,46,55,50,48,60,-,55,54,57,45,57,52,48,46,51,47,52,44,49,49,46,45,51,-,58,57,58,60,55,52,58,73,56,54,-,-,-,58,-,49,50*,53,52,47,52,53,50,-,-,-,-,-,-,-,-,-,-,-,-,-,51,-,-,-,-,64,69,77,57,54,58,59,53,55,-,-,-,-,-,-,-,-,-,-,63,63,-,58,-,61,52,69,60,50,56,62,-,-,-,-,-,-,-,-,-,60,56,55,55
"2018.05",43,42,44,40,40,40,47,45,45,45,49,44,49,49,44,63*,45,42,44,42,36,48,51,48*,45,44,45,47,46,48,46,44,52,49,45,36,40,26,35,40,45,-,-,-,-,39,47,45,43,40,35,-,-,-,-,-,-,-,-,41,-,-,44,49,40,-,33,45,39,41,49,-,44,41,52,39,49,40,41,38,42,37,42,33,37,43,32,35,42,-,45*,45,41,35,40,41,42,59,35,30,-,-,-,42,-,32,36,36,37,37,35*,41,35,36,-,-,-,-,-,-,-,-,-,-,-,-,35,-,-,-,-,50,50,58,47,41,52,41,40,40,-,-,-,-,-,-,-,-,-,-,48,43,-,44,-,35,39,48,42,34,41,43,-,-,-,-,-,-,-,-,-,42,38,36,37
"2018.06",38,37,41,36,34,41,38,42,36,39,45,38,38,42,37,48,37,30,37,33,37,41,43,46,38,37,35,41,39,40,38,34,53,42,36,30,38,17,26*,35,39,-,-,-,-,31,37,42,36,33,28,-,-,-,-,-,-,-,-,35,-,-,41,38,34,-,29,37,34,35,44,-,38,35,44,31,41,38,36,35*,38,33,39,29,33,35,28,32,36,-,50,41,46,36,40,38,41,64,34,29,-,-,-,43,-,31,37,33,38,36,41,40,32,36,-,-,-,-,-,-,-,-,-,-,-,-,35,-,-,-,-,40,41,47,38,33,40,36,29,35,-,-,-,-,-,-,-,-,-,-,39,42,-,46,-,28,38,44,38,33,40,41,-,-,-,-,-,-,-,-,-,41,35,32,33
"2018.07",28,24,37,27,26,26,26,39,27,27,27,29,21,30,27,27,28,24,26,22,27,24,32,28,25,27,19,31,31,26,19,16,37,28,24,22,29,6,15**,30,26,-,-,-,-,25,32,32,30,28,20,-,-,-,-,-,-,-,-,28,-,-,29,36,27,-,31,28,27,27,35,-,30,24,26,22,23,24,27,20,21,18,25,18,24,23,20,21,23,-,28,28,23,22,23,15,23,40,18,21,-,-,-,25,-,26,32,25,30,31,19,22,21,23,-,-,-,-,-,-,-,-,-,-,-,-,26,-,-,-,-,36,32,31,31,26,30,32,20,25,-,-,-,-,-,-,-,-,-,-,32,36,-,38,-,18,34,39,37,27,31,34,-,-,-,-,-,-,-,-,-,35,25,30,28
"2018.08",24,22,28,22,25,24,22,25,24,26,26,28,21,27,26,32,27,23,25,24,24,26,30,28,23,24,21,34,27,24,17,17,23*,21,25,20,19,11,12*,23,25,-,-,-,-,21,31,24,28,23,13,-,-,-,-,-,-,-,-,23,-,-,24,28,22,-,23,21,26,27,27,-,25,24,27,26,27,22,26,22,22,21,24,20,23,25,20,23,24,21,26,29,24,21,26,15,24,20,18,19,16,-,-,23,-,21,29,23*,26*,28,20,21,17*,21,-,-,-,-,-,-,-,-,-,-,-,-,23,-,-,-,-,24,27,27,21,21,24,20,17,19,-,-,-,-,-,-,-,-,-,-,24,30,-,31,-,13,26,30,31,20,22,30,-,-,-,-,-,-,-,-,-,28,24,26,25
"2018.09",24,20,26,24,24,25,22,26,23,21,26,25,25,25,23,32,23,24,22,26,23,31,28,30,21,23,21,29,24,26,24,21,20,23,26,19,25,15,14,21,24,-,-,-,-,20,24,26,21,19,28,-,-,-,-,-,-,-,-,23,-,-,24,33,21,-,29,23,24,27,28,-,26,21,25,23,24,20,21,19,20,21,21,19,19*,23,18,21,22,26,28,25,26,22,25,22,28,21,18,19,17,-,-,24,-,21,27,20*,25,24,27,27,22,23,-,-,-,-,-,-,-,-,-,-,-,-,23,-,-,-,-,27,30,33,25,27,32,24,21,21,-,-,-,-,-,-,-,-,-,-,28,32,-,28,-,15,27,31,32,22,28,30,-,-,-,-,-,-,-,-,-,29,27,24,26
"2018.10",33,28,32,32,33,34,31,31,31,31,38,32,32*,35,32,49,29,36,32,34,32,40,41,40,30*,33,34,43,34,37,40,29,36,33,37,30,34,19,20,27,35,-,-,-,-,27,17**,28*,25,22,29,-,-,-,-,-,-,-,-,26,-,-,38,48,36,-,34,37,32,34,44,-,39,32,39,29,37,33,26,30,31,27,29,27,23,31,25,31,31,30,38,38,43,31,33,42,42,29,27,24,21,-,-,35,-,27,32*,28,32,32,34,30,31,32,-,-,-,-,-,-,-,-,-,-,-,-,29,-,-,-,-,31,42,47,30,32,43,35,28,28,-,-,-,-,-,-,-,-,-,-,35,40,-,30,-,27,34,34,29,28,32,35,-,-,-,-,-,-,-,-,-,34,31,29,30
"2018.11",56,52,47,57,55,59,63,47,58,56,66,56,59,62,60,80,51,60,61,59,63,67,72,73,55,59,62,71,66,67,70,58,72,61,63,55,58,41,35,46,62,-,-,-,-,44,46,54,38,36,45,-,-,-,-,-,-,-,-,46,-,-,68,71,65,-,59,64,62,57,59,-,65,71,67,51,72,55,46,59,60,55,51,53,50,62,47,50,60,57,72,58,73,57,61,73,69,63,59,52,44,49,-,63,-,41,38*,44,51,51,52,53,51,45,58,-,-,-,-,-,-,-,-,-,-,-,45,-,-,-,-,48,74,77,51,44**,79,61,49,50,-,-,-,-,-,-,-,-,-,-,60,57,-,45,-,34,57,52,41,43,50,49,-,-,-,-,-,-,-,-,-,52,42,36,39
"2018.12",45,43,40,47,45,43,51,35,55,44,52,46,57*,51,47,59,43,52,48,48,53,50,55,57,48,45,51,52,58,49,59,52,51,53,50,55,54,38,34,43,50,-,28,-,43,49,30,51,31,31,41,-,-,-,-,-,-,-,-,41,-,-,52,58,56,-,61,49,52,47,48,-,53,53,56,38,51,45,33,42,43,44,40,42,41,47,41,38,45,41,52,45,53,49,47,55*,49,49,41,38,35,39,36,47,-,35,32*,37,46,42,33,44,34,32,42,-,-,-,-,-,-,-,-,-,-,-,37,-,-,-,-,38,59,59,39,-,71,50,40,43,-,-,-,-,-,-,-,-,-,-,49,48,-,38,-,25,48,42,33,36,42,41,-,-,-,-,-,-,-,-,-,43,33,27,30
"2019.01",60,66,48,57,62,53,66,45,70,66,74,67,73,73,69,80,66,77,71,68,79,72,79,79,69,66,75,76,88,71,84,74,75,77,76,85,78,55,58,70,72,60*,45,49,66,75,41,73,41,40,62,41,49*,66,67,-,-,-,-,59,-,-,71,75,70,-,64,69,65,65,69,71,70,74,75,50,72,65,56,55,56,60,55,58,55,64,57,49,62,56,66,60,71,62,56,60,61,61,60,55,49,49,52,61,-,40,38*,40,50,47,39,55,50,40,50,39,-,-,-,-,-,-,-,-,-,-,42,-,58,-,-,47,76,74,50,-,98,64,55,56,-,-,-,-,-,-,-,-,-,-,62,53,-,46,-,38,53,50,39,43,49,48,46,50,50,47,45,-,-,-,-,49,39,32,35
"2019.02",56,57,48,54,55,57,62,46,64,58,61,57,55,62,61,70,59,62,61,55,69,63,68,66,58,58*,58,65,75,61,61,57,68,67,60,68,67,46,45,60,61,47,41,44,57,62,42,65,43,43,56,38,46,58,51,59,46,41,-,51,57,64,67,59,60,-,54,62,64,64,63,63,63,68,70,47,65,64,56,51,53,57,54,54,50,59,51,55,58,60,68,61,68,67,59,63,61,62,60,55,49,55,55,62,-,45,45,45,55,49,44,58,52,43,52,43,43,46,48,-,-,-,-,-,-,-,47,-,52,-,-,45,71,74*,47,46*,84,60,54,51,34*,-,-,-,-,-,-,-,-,-,57,53,-,48,-,52,52,52,43,44,50,53,50,56,50,52,50,-,-,-,-,51,46,38,42
"2019.03",62,69,51,54,67,63,68,49,71,69,74,67,65,76,71,85,67,67,72,70,80,78,85,82,67,65,75,77,78,75,70,68,78,73,71,70,71,57,50,66,72,57,49,48,75,66,51,70,49,48,65,45,53,65,62,64,56,50,-,59,63,69,70,66,66,-,60,67,67,67,67,65,67,77,87,55,80,70,65,57,62,64,56,61,58,69,60,62,67,63,72,72,76,67,65,69,73,70,65,62,51,57,59,68,50,42,44,43,63,59,56,63,58,52,64,45,46,48,54,33,41,43,-,-,-,-,48,-,52,-,-,52,72,71,47,48,82,59,62,51,43,-,-,-,-,-,-,-,-,-,60,51,-,50,-,47,51,53,43,42,50,53,50,60,47,57,51,-,-,-,-,51,56,47,50
"2019.04",42,41,40,40,43,43,40,40,40,41,48,40,39,47,42,56,43,41,41,44,46,56,55,57,41,43,47,50,39,48,40,42,47,46,45,40,43,36,28,38,45,40,35,32,42,39,36,44,38,35,43,35,43,41,39,33,35,36,32*,39,36,42,45,41,45,-,42,43,43,42,40,40,43,48,59,40,54,39,40,35,37,41,34,39,36,43,36,38,43,41,47,45,50,46,41,44,46,46,43,39,31,36,39,44,36,31,33,31,38,37,41,37,41,34,42,26,30,31,33,30,32,37,-,-,-,-,33,-,40,-,-,42,50,43,39,37,56,44,44,37,32,-,-,-,-,-,-,-,-,-,43,42,-,41,-,36,41,45,36,32,40,42,40,41,38,37,38,-,-,-,-,40,43,35,38
"2019.05",50,52,47,46,51,50,46,49,50,53,61,51,51,60,52,67,56,52,51,56,56,67,68,64,53,56,59,54,49,59,53,51,58,57,61,47,57,43,32,49,56,45,43,39,51,49,47,52,45,41,47,43,48,46,49,38,40,42,43,46,41,49,53,49,50,-,49,50,49,45,57,44,50,52,70,48,63,50,48,48,47,52,48,46,39,53,46,48,52,44,50,61,57,50,46,50,59,54,48,41,35,41,40,50,42,39,40,38,50,46,45,42,45,45,47,34,40,41,42,38,42,48,-,-,-,-,41,-,47,-,-,49,53,41,47,44,62,48,48,40,37,29,-,-,-,-,-,-,-,-,47,49,-,48,-,42,47,52,45,37,46,50,46,45,42,43,44,-,-,-,-,47,47,40,43
"2019.06",33,29,32,32,29,40,30,34,34,30,35,30,31,34,28,39,33,29*,29,31,32,42,36,41,32,32,27,26,25,34,27,28,30,34,31,26,35,24,20,30,32,27,25,26,32,31,32,35,30,30,33,26,29,30,27,21,25,28,25,29,30,33,38,40**,30,-,39,34,36,36,46,26,36,35,44,28,43,35,27,29,29,37,31,31,30,35,29,28,34,37,42,37,41,37,41,35,41,42,37,37,26,30,28,38,33,30,33,29,32,31,40,42,33,35,34,31,26,26,31,27,23,39,28,-,-,-,31,-,31,-,-,36,37,31,32**,29,38,37,30,29,22,18,-,-,-,-,-,-,-,-,33,37,-,40,-,42,33,39,31,30,37,39,36,35,35,33,35,-,-,-,-,36,34,28,30
"2019.07",27,26,26,26,31,29,23,29,23,30,32,29,30,32,29,35,32,30,27,30,27,43,33,39,30,27,27,27,24,33,25,24,23,24,30,27,20,23,19,26,30,23,22,27,25,25,29,31,26,25,29,22,25,28,26,17,23,31,22,26,20,26,25,23,21,-,29,26,24,26,30,16,24,28,30,26,31,26,26,20,26,26,26,23,18,26,22,25,26,23,27,28,28,21,31,28,33,29,25,24,18,21,14*,26,22,23,23,21,28*,33,23,31,20,23,23,20,20,20,22,19,13,31,23,-,22,-,23,-,23,-,30**,29,34,28,24,26,33,31,25,24,24,18,-,-,-,-,-,-,-,-,28,30,-,30,-,-,29,32,26,22,30,30,28,26,28,23,25,-,-,-,-,29,27,24,26
"2019.08",28,25,30,26,30,31,25,30,27,30,31,30,26,31,30,34,31,29,28,26,28,31*,33,36,28,28,25,28,25,31,24,25,26,24,30,27,19,21,20,28,29,25,24,26,26,27,28,30,25,24,29,22,28,30,20,23,24,31,24,26,27,26,26,24,25,-,32,27,26,26,28,22,26,30,32,29,32,29,30,25,27,24,28,24,21,25,24,30,29,24,31,30,30,25,33,29,35,30,24,24,18,28,26,29,24,27,24,29,33,36,25,26,20,27,27,31,24,24,25,23,37,34,28,-,29,-,28,-,25,-,24,29,33,25,26,25,34,33,25,26,24,20,-,-,-,-,-,-,-,-,28,34,-,33,-,-,33,34,31,26,30,36,35,28,30,24,29,-,-,-,-,32,30,30,30
"2019.09",25,21,24,23,28,27,22,25,23,24,25,24,22,29,27,33,26,23,25,26,22,24,34,36,21,24,28,24,18,28,23,21,22,21,30,23,23,18,16,20,26,19,23,20,20,20,25,21,19,20,24,17,25,21,20,20,19,25,15,21,20,21,24,22,21,-,29,25,23,23,21,18,23,26,32,27,31,26,28,23,26,22,24,18,24,25,21,26,27,18,29,28,28,21,29,27,32,27,21,19,17,26,30,26,20,23,21,21,28,28,18,21,21,23,24,21,21,20,21,20,17,33,22,20,24,23,22,-,23,-,20,27,29,24,22,19,31,23,22,24,18,13,-,-,-,-,-,-,-,-,25,29,-,28,-,-,26,28,30,22,23,29,30,24,30,20,27,-,-,-,-,27,28,23,25
"2019.10",32,31,27,27,35,35,29,27,32,32,36,33,34,41,36,43,33,34,33,37,32,36,46,51,32,34,42,31,27,39,37,33,37,35,45,35,34,29,26,29,37,25,27,29,28,31,29*,28,25,25,31,25,32,28,29,29,23,31,21,28,32,31,34,34,32,-,35,35,31,29,32,29,33,35,47,37,48,34,38,36,38,31,32,31,36,37,27,35,38,23,39,40,40,23,35,32,40,39,28,24,19,29,-,34,27,24,21,22,34,35,25,27,31,32,36,28,29,25,32,25,26,43,25,26,27,26,27,-,30,-,26,33,32,31,27,26,47,27,30,27,24,17,24**,-,-,-,-,-,-,-,31,32,-,29,-,19,30,32,32,25,26,32,32,-,-,27,28,-,-,-,-,30,34,31,32
"2019.11",41,40,35,41,41,43,43,34,45,42,48,42,45,49*,44,51,44,46,44,47,47,43,53,57,44,47,49,44,43,47,47,47,53,46,53,52,49,39,35,40,47,35,28,37,41,45,-,38,30*,26,40,27,31,37,39,43,30,38,28,36,47,50,47,49,50,-,56,47,45,42,47,42,47,50,53,40,55,46,40,43,43,39,43,38,51,45,41,40,46,36,48,49,50,33,39,36,42,46,39,38,27,35,51,43,33,34,31,34,39,42,34,39,39,35,41,34,33,34,39,33,30,44,28,41,36,38,35,-,45,-,26,42,45,41,39,36,64,41,45,39,27,21,31,-,-,-,-,-,-,-,40,38,-,38,-,27,38,38,36,35,37,37,39,40,42,36,35,27,28,34,27,37,44,38,40
"2019.12",39,42,35,42,40,33,40,33,46,43,49,43,45,42*,45,47,43,48,46,44,57,43,52,52,44,50,48,41,43,46,42,48,48,47,50,56,49,40,38,42,47,37,27,41,46,47,30,40,24,25,43,26,31,37,40,51,33,36,31,37,40,46,47,48,49,-,47,45,45,43,46,44,46,47,52,37,50,42,37,39,38,40,40,36,49,41,38,35,42,33,39,41,40*,29,32,32,33,39,35,33,27,33,46,36,26,26,26,27,32,41,27,27,34,28,34,28,26,23,36,26,23,35,26,34,33,33,28,28**,44,-,23,39,48,43,37**,39,66*,45,40,38,26,22,31,-,-,-,-,-,-,-,39,34,-,33,-,27,37,35,29,34,33,31,33,37,37,30,30,25,27,33,26,33,33,27,29
"2020.01",39,42,32,37,42,36,41,30,47,44,49,44,47,50,49,49,45,47,47,46,54,44,54,53,40,48,48,43,46,48,41,45,47,47,48,56,47,36,36,41,47,33,23,36,42,45,25,39,21,22,39,23,25,40,36,50,32,33,27,34,38,44,48,50,43,-,45,47,44,41,50,42,46,49,53,42,52,44,41,43,42,39,43,39,50,46,42,41,45,34,45*,41*,46,30,37,35,36,44,40,34,27,36,53**,40,34,27,25,27,38,42,30,29*,37,33,43,30,37,27,43,29,30,43,31,39,34,37,31,28,39,11**,21,37,44,37,30,36,-,37,37,36,23,19,29,22**,-,-,-,-,-,-,34,29,-,28,-,26,33,29,28,32,28,28,28,33,30,28,26,25,26,31,25,29,35,29,31
"2020.02",38,41,34,38,37,32,38,31,43,42,46,43,42,47,44,45,43,44,43,42,50,42,47,45,42,47,42,40,43,44,37,41,46,46,43,51,45,30,35,41,44,34,28,40,43,42,32,36,28,28,41,28,32,41,34,47,34,34,30,36,36,41,45,46,39,-,36,43,40,40,42,41,42,47,52,40,49,47,39,44,38,37,45,41,47,43,41,45,44,32,39**,40,42,28,30,32,33,38,39,34,26,34,-,36,37,28,29,28,36,39,25,36,31,33,34,29,35,28,39,33,25,39,29,34,31,38,31,30,38,30,24,38,43,37,31,35,-,39,37,36,29,25,30,32,-,-,33,-,-,34*,35,31,-,32,-,31,36,39,33,36,37,31,29,32,33,29,33,27,26,33,26,32,38,32,34
"2020.03",40,45,33,38,41,35,40,34,47,47,52,47,44,52,46,53,48,49,47,49,51,48,52,55,46,52,52,45,45,49,44,49,53,49,50,50,49,40,38,44,49,33,32,39,42,42,36,38,30,30,41,32,37,41,41,48,35,36,29,37,40,44,45,43,38,-,39,47,41,42,38,45,43,48*,59,45,53,54,43,46,43,40,47,46,48,43,44,48,48,36,44*,44,46,31,36,33,39,42,46,39,33,37,39**,41,35,28,29,28,36,39,28,42,35,33,38,30,34,28,38,28,27,42,27,33,33,35,31,28,38,31,31,41,41,39,32,35,37**,37,41,37,32,25,30,34,32,35,33,32**,29,36,36,30,-,31,-,30*,33,38,33,31,39,28,27,33,32,32,33,27,26,30,27,31,39,33,35
"2020.04",41,44,36,39,39,38,41,36,44,43,52,46,45,50,43,48,50,49,43,49,49,46,48,57,47,47,51,41,41,44,46,50,49,46,49,49,47,43,40,45,47,36,34,42,45,43,38,38,32,32,44,34,41,41,44,48,36,40,34,39,41,46,44,47,33*,-,33,46,42,43,40,44,43,44*,54,43,48,48,42,40,41,39,43,42,48,42,41,46,45,41,42,43,44,32,34,33,40,40,45,42,35,40,39,41,38,32,32,31,37,40,30,46,36,36,38,35,34,32,38,31,30,43,29,38,36,36,34,29,40,32,34,42,43,41,33,38,46,41,42,39,32,27,33,35,33,39,34,32,30,37,38,33,-,33,-,32,33,36,37,31,39,34,31,34,32,35,37**,29,26,32,29,33,44,40,41
"2020.05",34,35,32,38,31,31,32,36,34,37,42,36,34,40,35,43,40,36,35,43,35,38,41,48,37,35,40,33,30,39,35,34,37,37,37,35,37,29,29,33,38,24,27,33,29,30,32,27*,27,28,34,23,33,33,32,32,24,32,24,29,29,32,36,36,28**,-,24,38,31,33,42,29,33,34*,44,31,42,38,31,31,34,32,35,34,39,35,30,33,35,35,36,34*,36,31,32,28,33,33,39,38,30,34,31,34,27,27,29,28,28,33,25,43,32,32,32,30,24,24,27,25,23,38,24,30,34,28,29,24,38,28,30,38,37,36,32,33,35,39,34,37,28,20,32,30,31,32,33,27,22,28,33,31,-,34,-,31,30,38,34,28,42,31,30,33,31,31,-,27,25,31,29,32,38,35,36
"2020.06",34,36,27,35,32,31,34,32,37,42,45,42,38,43,36,43,45,39,40,45,40,42,42,53,41,38,39,38,32,42,36,36,37,42,37,38,42,31,35,39,41,31,33,39,35,37,42,33*,30,32,40,32,40,40,38,37,29,35,31,35,32,34,37,39,-,-,30,40,36,36,45,31,36,35,42,30,39,45,30,32,33,34,37,34,43,34,33,32,35,37,40,34*,36,30,38,27,34,41,43,43,33,33,34,36,25,24,26,25,26,33,24,42,32,27,32,28,21,19,24,20,20,36,24,29,31,26,26,25,34,27,24,35,33,34,29,34,36,35,35,34,27,25,31,28,29,32,28,30,24,30,32,27,-,32,-,30,28,33,31,28,37,26,24,32,27,32,-,27,25,30,29,29,28,27,27
"2020.07",20,21,18,22,21,15,16,20,17,25,26,23,23,22**,22,27,26,20,22,29,20,24,26,31,21,20,25,19,17,25,19,18,20,21,23,21,19,17,18,20,23,14,14,12**,15,17,14**,17,16,16,22,14,22,21,19,18,15,13**,13,17,17,19,20,19,17,-,14,20,15,16,22,13,18,22,28,22,25,24,21,20,21,17,22,21,23,22,18,19,22,17,18,19,18,17,21,18,19,22,19,19,16,14,14,18,15,16,17,17,18,21,13,26,18,15,18,17,15,13,13,13,12,21,15*,15,20,16,17,13,20,11,18,23,18,19,16,15,16,21,17,21,14,11,18,13,18,15,14,15,10,13,18,21,-,21,-,20,21,24,22,16,24,18,17,16,18,15,17,15,16,19,17,20,21,19,20
"2020.08",24,23,31,25,24,22,20,28,20,27,25,25,24,22*,25*,27,28,22,23,26,22,22,25,25,23,22,24,21,20,25,17,18,22,23,23,24,21,20,19,22,24,15,16,12,18,18,17,23,22,22,22,15,22,24,19,19,16,14,14,19,19,22,22,21,20,-,20,22,17,20,30,17,21,24,25,25,25,23,26,24,23,21,28,22,21,24,22,25,24,22,21,22,20,22,27,24,23,26,22,22,18,17,19,22,22,30,29,26,32,35,19,32,23,26,23,25,26,26,22,25,21,30,32,23,27,26,28,23,25,18,25,28,23,23,23,22,21,27,22,26,22,18,26,18,21,21,20,20,16,18,23,30,-,32,-,33,29,34,29,28,30,28,26,21,25,19,30,26,26,28,27,29,24,32,29
"2020.09",22,19,24,25,20,21,21,25,20,23,23,21,22,23,22*,28,23,20,21,22,20,20,25,26,19,20,25,21,17**,25,19,16,23,23,22,20,22,17,15,20,22,14,19,15,14,17*,27,18,21,21,26,17,26,17,18,21,14,15,13,18,20,22,25,20,20,-,18,22,24,20,32,18,22,25,29,24,27,22,24,24,23,21,25,19,19,23,21,24,24,20*,20,26,23,20,26,19*,27,28,23,21,15,20,19,23,20,22,20*,22,27,27,20,26,23,19*,23,24,23,20,22,20,18,29,22,20,24,21,22,16,23,15,23,31,25,22,20,18,23,24,21,23,18,13,26,15,21,19,17,16,13,17,22,24,-,30*,-,19,23,26,27,22,24,22,19,21,24,26,22,17,21,23,20,24,28,25,26
"2020.10",34,33,30,33,34,31,33,30,35,39,38,35,36,44,36,45,38,34,34,38,38,36,41,48,33,39,42,37,34,40,36,26,46,39,40,37,39,27,30,36,38,25,28,26,30,31*,31,31,25,24,29,25,32,27,30,34,25,23,23,28,32,37,41,35,37,-,28,37,34,31**,43,32,36,43,47,34*,47,37,33,40,40,35,37,33,31,37,29,38,39,0,33,40,43,27,37,26**,42,41,35,28,22,31,24,35,26,25,25,24*,32,31,32,39,34,34,36,28,27,25,33,24,24,41,25,30,28,29,28,21,32,24,26,36,34,32,30,28,36,35,33,32,22,21,31,24,28,30,31,23,23,28,31,29,-,31*,-,26,29*,35,33,27,33,28,29,32,28,32,23,21,24,30,22,29,34,29,31
"2020.11",38,42,31,40,39,32,37,31,40,45,44,41,41,52,43,48,43,43,41,45,49,43,48,52,41,46,49,41,38,45,47,36,50,46,47,47,46,35,38,45,45,24**,22**,33,38,37,32,38,26**,23,38,21**,41*,32,39,35**,24**,25,27,34*,39,44,45,42,39,-,32,44,39,33,46,38,41,47,51,37,50,39,37,42,44,36,39,37,38,42,31,40,42,0,36,40,42,28,36,28**,41,41,35,30,25,35,30,36,26,26,29,26*,32,31,30,39,33,28,35,26,26,24,33,25,23,38,24*,33,33,29,29,24,40,32,26,38,44*,40,33,37,46,43,42,41,26,25,35,30,33,35,35,29,30,38,36,30,-,33*,-,28,31,36,33,30,36,28,28,39,32,27,26,23,26,32,25,30,31,27,28
"2020.12",38,42,33,38,39,33,38,30,44,44,45,41,41,49,45,45,45,45,42,43,52,42,45,49,43,49,50,39,46,44,46,42,51,47,48,55,54,36,42,50,46,33**,25,37,41,43*,30,42,25**,19,44,26,33**,35,43,49,33,26,32,36,43,47,47,44,44,-,38,42,40,39,48,41,44,48,51,37,48,44,37,42,40,40,41,38,44,42,33,40,42,34**,38,37,42,30,32,24,35,38,38,31,31,37,29,36,26,24,30,25,31,32,28,36,32,28,31,29,25,21,35,26,24,33,28,35,31,34,28,26*,36,35,23,39,45*,38,32,38,50,43,43,40,26,28,35,31,33,34,36,33,34,36,36,28,-,30,-,29,35,34,27**,30*,33,27,25,33,34,27,25,23,25,31,24,30,28,22,24
"2021.01",39,38,36,40,37,37,39,34,45,41,41,39,36,47,43,43,41,40,39,40,46,39,41*,45,42,42,45,35,43,40,40,35,45,42,45,44,46,34,38,44,42,34,28,42,40,40,32,39,28,23,44,27,32,35,36,45,34,29,33,35,40,45,46,42,43,-,38,43,41,39,44,39,43,48,53,42,47,43,43,45,44,41,43,42,43,44,34,43,45,36,42,42,42,35,37,33,45*,45,40,34,35,41,34,40,30,31,36,33,38,36,28,38,34,32,38,31,34,30,40,31,28,38,29,38,34,40,34,30,35,32,27,41,49**,42,34,36,47,45,42,42,30,31,39,33,35,34,37,32,32,35,38,32,-,33,-,33,39,33,32*,33,35,33,31,36,36,32,30,31,28,34,28,33,34,29,31
"2021.02",43,48,37,41,46,40,42,35,47,52,53,49,46,60,54,54,54,49,50,49,54,50,54,58,50,50,55,46,54,52,49,45,54,49,54,47,52,47,46,50,52,40,32,43,44,43,39,43,32,28,45,33,32,38,43,47,39,32,36,39,43,47,51,45,44,-,40,46,42,41,51,42,46,57,68,51,59,46,51,55,54,44,45,47,44,54,43,45,52,37*,47,46,43,36,41,37,44,46,43,36,34,44,33,42,31,30,36,32,43,37,31,43,39,36,41,34,37,28,45,31,35,43,33,38,36,40,35,33,37,32,36,44,45*,42,36,39,50,44,41,41,35,36,39,34,36,38,37,34,35,39,40,31,-,34,-,35,38,35,27,33,37,32,31,35,38,31,31,29,29,34,29,33,36,33,34
"2021.03",65,67,60,59,69,65,63,55,67,75,76,67,61,85,76,82,75,66,65,70,73,74,81,84,66,70,79,72,70,77,64,57,77,68,74,54,68,58,54,62,72,49,49,56,55,55,55,53,45,41,58,46,53,49,58,54,47,46,45,51,57,62,69,59,60,-,51,67,61,61,67,56,62,80,94,80,83,71,80,89,82,64,85,71,61,81,62,81,79,64,80,89,75,56,70,75,85,88,71,58,57,73,47,75,58,54,59,58,88,68**,58,73,69,70,81,67,80,63,83,60,77,80,53,60,59,66,64,47,55,44,51,63,62,61,55,53,60,57,60,63,49,46,54,50,48,54,53,46,47,54,56,54,-,49,-,54,58,57,54,52,56,61,52,52,52,51,56,45,42,47,44,53,76,68,72
"2021.04",41,42,37,42,42,39,41,37,42,48,49,43,40,51,46,51,48,44,40**,44,48,46,49,52,44,46,50,46,49,47,40,37,47,47,45,35,51,40,39,48,46,37,36,40,39,41,45,39,38,34,41,35,40,34,41,40,34,35,36,38,38,39,44,40,41,-,34,42,39,40,41*,38,41,47,56,44,52,41*,45,48,43,43,56,40,36*,42,-,41,46,39,47,46,44,36,38,39,42,47,43,37,37,46,35,43,34,30,36,33,39,33**,31,45,43,36,41,35,33,29,39,31,35,44,30,35,37,34,34,34,39,32,39,49,45,41,40,37,45,43,43,47,39,35,41,37,38,40,39,34,35,38,42,33,-,32*,-,35,37,37,31,32,41,33,34,36,37,33,37,30,30,34,32,34,37,35,36
"2021.05",52,61,36,41,59,50,56,35,61,70,72,64,55,72,65,70,72,61,60,62,61,68,67,72,63,62,68,70,69,67,55,48,64,62,63,45,64,47,50,61,64,44,38,52,54,55,50,53,38,35,-,38,41,45,54,51,40,37,48,47,49,52,59,54,55,-,44,50,51,47,-,48,53,62,69,63,68,59*,69,68,59,57,84,56,52,55,55,60,63,47,57,63,59,43,52,55,59,64,55,46,46,53,43,56,43,42,49,36,52,54,44,37,53,50,59,50,50,46,54,43,51,59,44,48,47,45,46,38,39,37,37,46,46,41,37,50,51,41,53,48,44,43,38,42,34,50,37,40,40,45,43,32,-,35*,-,43,37,36,35,37,38,39,40,38,35,39,46,36,32,35,36,36,44,40,42
"2021.06",32,33,26,35,36,29,31,28,31,38,41,34,32,39,36,44,46,34,32,39,33,40,40,48,33,34,41,43,39,40,31,26,34,36,34,25,39,27,27,32,37,20,17,26,25,26,28,29,23,22,-,17,22,25,29,25,21,21,21,24,32,28,35,31,33,-,26,34,31,31,-,30,32,38,43,33,41,33,31,32,29,33,47,29,31,33,29,29,34,31,38,41,37,28,36,30,31,40,36,32,30,34,29,36,25,23,29,26,29,28,24,37,33,27,31,32,25,19,26,23,24,37,24,27,32,25,27,21,32,25,23,35,33,28,29,30,32,35,32,43,28,24,33,30,29,32,33,26,26,27,31,26,-,26*,-,30,30,31,24,24,35,24,30,29,29,25,28,26,26,30,27,27,27,23,25
"2021.07",22,24,18,19,29,16,16,17,20,28,30,24,24,27,29,28,29,24,24,31,23,26,30,34,26,22,30,25,29,27,23,19,21,21,26,19,27*,24,20,22,26,16,14,19,16,20,21,22,20,16,-,14,18,18,22,-,17,13,17,18,19,15,17,20,22,-,20,17,19,21,19,19,19,23,29,23,26,20,26,22,22,20,35,19,16,22,18,21,23,18,18,24,20,17,22,19,22,21,17,23,21,19,16,20,17,18,20*,18,22,17*,15,24,23,20,21,29,25,15,18,19,18,27,21,16,22,20,19,16,20,16,18,23,23,18,18,19,23,19,21,36,19,17,22,20,22,21,20,18,17,17,21,18*,-,17**,-,22,22,24*,19,18,21,17,23,21,19,15,20,20,21,21,17**,20,17,21,19
"2021.08",21,22,19,21,22,17,18*,20,21,25,28,22,23,25,26,29,26,23,23,26,23,24,27,30,23,21,25,27,27,26,20,16,22,23,24,18,27,22,20,21,25,17,17,19,17,20,20,22,22,18,-,15,20,19,20,20*,17,13,18,19,20,18,20,21,22,-,20,22,22,23,23,17,21,24,26,24,27,19,25,22,20,22*,32,18,17,22,18,18,23,19,19,21,21,19,22,19,22,22,17,25,21,18,18,20,18,18,20*,18,21,17**,14,23,22,22,21,30,27*,15,17,20,18,26,21,18,19,20,20,20,21,18,23,26,26,19,19,23,22,20,20,40,24,20,24,19,20,21,21,20,19,19,23,18*,-,17*,-,23,23,25*,19,16,22,17,23,19,21,16,19,19,19,21,-,20,16,19,17
"2021.09",17,15,17,18,16,15,15,16,16,18,21,15,15,19,18,21,18,16,15,17*,18,17,20,20,15,16,19,17,16,19,13,12,17,17,16,11,22,16,16*,17**,17,12,12,14,12,13,15,15,12,12,-,10,13,14,15,14,12,8,11,13,16,13,18,15,18,-,15,16,16,18,17,14,16,19,21,19,20,16,21,18,15,17**,17,15,15,17,15,17,18,16,17,21,19*,16,18,17,21,19,17,21,17,18,16,18,16,16,17*,16,18,18**,12,22,20,19,19,29,17,14,16,19,15,25,18,16,19,17,17,13,15,14,19,22,23,17,14,24,15,18,15,24,18,13,20,16,21,17,16,12,15,15,18,16,-,16*,-,17,20,18,16,16,18,17,22,16,17,15,19,16,17,19,-,17,19,21,20
"2021.10",27,27,23,26,28,25,27,22,29,32,30*,28,26,34,31,37,28,28,27,30*,30,30,34,36,26,30,34*,29,27,32,28,23,34,32,32,24,37,22,26**,30**,31,17,14,17,22,21*,21,23,14,15,-,15,15,19,24,20,18,13,15,19,26,27,35,27,29,-,25,31,29,26,31,26,30,34,36,29,38,34,29,32,28,31,28,28,26,35,24,30,32,24,32,34,36,25,29,26,38,37,28,27,21,26,23,31,23,23,22*,22,26,29**,19,33,27,27,29,28,23,21,27,24,21,34,22,25,25,24,24,16,24,17,19,28,31,28,20,41,20,24,25,25,20,19,26,19,33,27,21,16,19,24,25,22,-,22*,-,21,28,23,19,23,22,21,27,23,23,21,24,20,22,26,20*,23,24,25,24
"2021.11",40,45,34,40,44,34,38,32,44,46,46*,44,43,54,46,50,44,45,43,50,52,46,50,55,43,48,53*,45,48,47,47,41,53,50,52,45,55,38,43**,46,48,33,26,35,43,40,32,41,24*,24,-,26,25,32,40,38,35,27,30,34,42,46,49,43,46,-,38,44,44,38,43,41,44,51*,56**,41,51,44,40,38,41,40,35,39,40,44,38,40,43,33,43,44,44,32,35,35,45,45,37,34,29,36,31,40,30,30,32*,30,38,39,30,41,34,38,39,31,30,30,38,31,33,41,27,32,31,33,33,27,34,31,25,42,44,39,33,37,46,39,41,37,28,31,36,30,38,36,35,29,34,38,37,29,-,31,-,29,37,32,28,33,34,32,34,34,33,29,29,26,30,34,26,31,38,34,36
"2021.12",36,39,31,38,39,34,40,29,43,40,39,38,37,47,43,43,39,40,38,40,46,39,45,45,39,42,43,38,39,42,41,37,45,40,44,40,42,34,36,38,41,30,23,35,37,33,26,35,-,20,37**,22,21,28,35,38,32,23,28,30,38,42,43,38,38,-,34,43,44,35,38,36,40,46,49,39,50,42,38,40,42,37,34,39,44,43,42,37,42,35,41,40,41,32*,33,33,41,41,38,31,33,36,31,38,29,27,30*,25,34,41,32,36,35,37,37,29,29,28,38,32,27,37,26,37,35,34,31,25,33,30,24,36,40,38,29,34,41,37,36,35,24,26,33,29,36,34,30,27,29,33,34,25,-,28,-,25,33,29,23,29,31,28,29,33,31,30,25,25,27,30,24,28,30,25,28
"2022.01",39,43,31,37,42,32,45,29,47,43,43,43,41,49,48,47,44,44,43,43,51,42,48,46,45,47,45,44,48,44,45,40,51,48,49,48,50,27**,44,45,46,36,26,41,45,40,29,43,24**,22,36,26,24,37,36,50,39,24,32,36,40,49,48,45,44,-,38,44,46,38,43,39,44,51,51,42,54,46,40,42,42,41,34,42,46,46,41,37,45,36,43,39,43,32,37,33,42,42,39,34,39,36,35,39,36,29,30,25,32,38,29,33,33,32,38,27,29,28,39,34,27,36,25,43,40,35,31,26,35,32,25,35,38,38,30,36,47,37,37,35,25,29,36,32,36,35,31,30,31,35,34,27,-,31,-,29,34,29,26,33,31,30,31,33,33,30,29,24,29,31,26,29,27,23,25
"2022.02",37,40,30,35,38,34,40,29,43,41,40,41,37,46,43,44,40,40,40,40,46,39,43,43,42,43,41,39,43,41,38,38,46,42,45,42,44,-,40,42,42,34,27,39,39,35,27,38,27,24,35,28,25,32,38,43,38,28,33,34,37,44,43,41,43,-,35,41,42,37,39,36,41,48,53,40,51,44,39,40,39,41,33,40,40,42,44,36,43,35,43,40,42,31,38,33,42,42,38,34,28,31,31,39,35,29,28,26,35,41,30,34,35,37,38,29,30,28,38,35,27,37,26,42,40,36,32,27,34,30,31,36,36,38,30,34,43,36,34,35,27,30,34,32,34,35,31,34,30,35,34,26,-,28,-,28,32,27,26,29,30,28,28,31,28,27,27,27,26,30,25,28,31,27,29
"2022.03",42,41,38,42,42,38,44,39,46,45,45,45,38,50,45,51,43**,44,44,42,50,46,49,47,42,49,43,48,43,47,40,40,52,49,44,38,50,-,39,43,46,26**,31,42,34**,36*,42**,40,48,32,36,32,34,35,38,40,37,36,32,37,42,48,49,45,48,-,39,48,49,43,45,41,46,53,56,42,54,45,40,43,44,45,35,44,45,46,52,40,46,40,47,46,48,38,40,36,43,45,43,43,32,35,36,43,34,34,36,32,35,42,32,40,40,38,38,35,32,30,35,35,31,39,27,36,42,38,35,34,41,36,44,47,46,46,40,41,47,44,41,43,61,39,42,40,42,42,37,39,38,42,43,32,-,33,-,32,38,34,33,33,39,37,35,36,33,34,32,32,28,34,30,34,42,39,40
"2022.04",39,45,32,36,44,34,39,34,40,48,46,44,42,51,46,55,48*,45,44,47,48,48,51,49,45,47,49,49,45,49,43,47,50,49,48,38,50,-,39,42,47,32,34,38,37,37,39,41*,36,31,32,32,36,32,43,36,38,32,33,36,35,42,42,40,42,-,34,43,42,35,39,28**,40,48,56,42,53,42,40,42,41,43,33,40,35,43,48,39,44,34,44,46,47,34,39,36,43,46,39,39,29,33,29,41,29,28,32,27,35,40,32,37,36,37,37,30,33,28,30,28,32,40,24,32,36,32,31,30,33,30,41,41,36,36,33,35,41,36,34,37,36,32**,36,32,34,36,32,33,32,35,36,27,-,32,-,28,31,29,25,28,32,29,31,31,29,28,24,30,25,29,29,29,32,30,31
"2022.05",33,33,31,33,32,29,31,34,31,36,36,33,33,37,32,44,33,34,32,35,35,36,38,35,34,34,36,37,34,37,32,33,37,39,36,29,40,-,30,31,35,23,26,33,30,29,30,34*,29,25,25,25,28,28,35,29,29,27,27,29,30,34,34,34,37,-,29,36,36,32,34,-,34,37,45,32,39,31,31,33,31,34,27,30,32,32,38,30,34,28,36,35,39,31,32,29,35,36,31,34,27*,31,27,34,29,28,31,27,29,35,25,34,28,32,30,30,26,25,26,30,24,32,23,29,38,29,29,25,31,29,40,38,33,31,33,32,36,35*,30,34,31,28**,32,31,33,35,34,29,26,31,33,28,-,35,-,29,31,29,25,29,30,28,32,28*,31,26,23,29,25,30,30,29,29,28,29
"2022.06",22,22,19,22,21,20,21,21,22,24,24,22,23,23,20,29,21,22,21,24,24,25,25,22,24,22,23,25,24,26,21,20,21,25,22,18,28,-,20,21,23,15,17,23,21,20,21,24,22,19,15,16,19,21,22,19,19,17,18,20,23,21,23,24,26,-,20,25,26,25,23,23,23,24,31,21,26,20,21,20,21,23,20,20,19,21,26,19,22,21,22,23,26,22,23,20,21,24,20,22,21,23,19,23,21,18,22,18,21,24,18,21,21,20,21,23,19,19,19,21,18,23,21,20,26,21,20,18,22,19,26,25,23,21,19,22,25,24,22,23,23,18**,24,19,25,28,22,21,18,23,23,18,-,23,-,22,17,20,13,17,19,14,23,-,20,18,16,22,16,20,23,19,20,22,21
"2022.07",22,25,20,20,26,18,20,21,24,28,26,24,23,25,26,31,24,22,25,26,25,27,28,24,25,24,27*,36**,26,29,21,19,22,23,25,19,26,19,20,19,25,13,13,18,17,19,16,25,20,17,7,13,16,19,21,16,18,13,15,18,22,22,23,25,23,-,20,24,20,21,24,22,23,26,35,24,28,22,30,24,22,25,23,22,19,24,29,21,25,21,23,22,25,20,26,20,21,22,24,19,22,21,15,23,20,19,22,18,22,22,17,18,21,19,20,20,20,20,18,17,18,21,24,20,26,22,20,18,21,18,18,22,19,15,19,18,22,22,20,20,19,15**,20,16,23,26,20,20,17,17,20,20,-,24,-,25,22,22,16,19,18,20,22,-,19,16,15,22,20,22,24,21,18,23,20
"2022.08",19,20,19,18,21,16,15,23,18,22,20,20,21,20,22,24,19,19,20,21,20,21,21,17,21,18,23,-,22,22,19,17,18,20,20,17,22,16*,18,17,20,13,12,17,15,17,17,20,19,16,15*,13,16,16,19,15,17,11,14,16,17,16,16,21,19,-,15*,18,16,16,17,18,17,20,21,18,21,17,20,19,16,17,18,17,15,17,21,17,19,17,18,19,19,16*,20,16,20,20,18,19,17,16,13,18,18,17,18,16,20,21,15,15,17,17,17,15,17,19,16,17,16,19,24,17,20,19,17,18,18,15,21,21,17,13,17,15,22,21,16,17,18,16**,13,14,16,23,16,22,17,14,18,19,-,22*,-,21,20,22,15**,17,21,23,16,14,18,13,13,20,18,21,22,19,17,19,18
"2022.09",22,22,20,20,26,21,19,24,21,26,25,21,21,26,27,32,21,19,24,25,21,25,30,27,19,22,31,22,20,28,20,17,23,24,24,16,25,18,16,16,24,12,15,15,15,20,18,20,14,18,13,19,16,18,14,14,11,14,14,16,18,20,21,23,22,-,15*,23,18,14,20,18,20,26,30,26,28,22,28,27,24,22,21,20,16,25,24,23,25,20,23,31,26,22*,27,21,32,32,20,18,16,19,14,25,20,20,17,18,26,26,21,19,18,19,26,21,22,22,21,18,23,26,15**,19,21,20,21,15,17,13,28,30,20,20,19,17,24,21,17,19,18,12**,18,12,29,17,15,16,14,17,21,20,-,22*,-,19,19,20,17**,19,22,26,18,15,20,18,17,18,16,21,20,20,28,28,28
"2022.10",26,25,21,24,30,25,24,25,28,31,30,26,24,33,32,39,25,22,28,28,28,30,36,33,22,30,31,27,24,34,25,19,35,31,30,20,32,21,20,21,29,12,13,16,16,21,22,17,12,25,12,14,19,16,16,15,12,19,13,17,23,29,30,26,26,-,19,33,23,17,28,25,26,36,38,30,39,35,29,35,31,28*,28,28,23,37,30,29,33,29,28,35,38,23,31,26,37,38,23,21,18,27,22,31,20,20,18,18,24,28,23,23,23,18,27,22,20,20,24,18,23,28,-,23,25,21,21,13,21,18,27,30,28,31,21,19,30,23,22,25,15,14,23,21,32,22,18,19,20,21,24,20,-,25,-,19,21,20,17*,21,23,23,20,19,19,21,17,19,21,22,20,21,27,24,26
"2022.11",39,39,33,41,41,34,39,35,45,42,42,39,40,48,45,53,36,39,42,42,46,43,51,48,36,47,43,43,38,47,40,36,53,50,43,37,50,38,35,37,44,24,23,31,33,32,34,38,29,22,40,24,23,30,34,33,29,25,26,31,42,50,47,44,45,-,35,50,41,31,42,41,44,51,50,40,52,47,38,47,45,43,38,40,41,48,47,41,46,44,45,48,50*,38,42,36,45,48,36,32,30,37,34,43,28,30,28,28,32,37,31,36,33,24,41,30,26,28,29,26,29,33,26*,35,35,30,30,26,35,34,28,45,45,47,33,39,52,42,38,40,24,25*,36,36,44,35,31,29,32,40,39,30,-,37,-,24,36,32,26,32,32,28,30,32,31,34,25,28,31,33,29,31,34,27,30
"2022.12",35,38,30,35,38,33,35,31,40,37,37,36,38,41,41,40,35,37,38,38,44,37,40,40,37,42,40,37,38,39,41,38,41,44,42,41,44,37,40,39,39,29,22,37,36,35,31,38,24,19,44,22,20,33,35,41,35,22,31,32,37,49,39,43,44,-,40,43,36,31,38,36,40,42,39,33,42,41,33,37,37,37,34,37,34*,39,35,38,38,41,39,42,41,32,37,33,40,40,33,30,32,35,33,38,30,30,27,24,31,34,29,32,31,22,37,28,25,29,30,26,24,30,26,37,32,27,29,24,32,28,25,37,39,40,28,34,48,34,31,35,22,25,34,29,40,29,26,28,29,30,33,27,-,33,-,23,32,30,23,31,30,26,28,29,28,28,26,26,27,28,28,28,32,25,28
